{
    "td3": {
        "success_rate": 0.0,
        "params": {
            "hidden_dim": 256,
            "gamma": 0.9136136430203872,
            "tau": 0.01,
            "policy_noise": 0.10986364624253503,
            "noise_clip": 0.3631424960730847,
            "policy_freq": 1,
            "exploration_noise": 0.09867901437815582,
            "batch_size": 64,
            "buffer_size": 50000,
            "learning_starts": 0
        }
    }
}