{
    "sac": {
        "success_rate": 0.2,
        "params": {
            "hidden_dim": 64,
            "lr": 0.0005,
            "gamma": 0.9293999096631801,
            "tau": 0.02,
            "alpha": 0.16036170650970208,
            "automatic_entropy_tuning": true,
            "batch_size": 32,
            "buffer_size": 200000,
            "learning_starts": 500
        }
    }
}