{
    "td3": {
        "success_rate": 0.0,
        "params": {
            "hidden_dim": 128,
            "gamma": 0.9735846850796178,
            "tau": 0.02,
            "policy_noise": 0.10927680833279509,
            "noise_clip": 0.26493249460925383,
            "policy_freq": 1,
            "exploration_noise": 0.12652749295246987,
            "batch_size": 32,
            "buffer_size": 200000,
            "learning_starts": 1000
        }
    }
}